{
  "AIRTABLE_API_KEY": "__optional__",
  "CLAUDE_API_KEY": "__optional__",
  "CLICKUP_API_KEY": "__optional__",
  "FIREBASE_PROJECT_ID": "__optional__",
  "GEMINI_API_KEY": "__optional__",
  "GITHUB_TOKEN": "__optional__",
  "GOOGLE_CREDENTIALS_JSON": "__optional__",
  "GOOGLE_CREDENTIALS_PATH": "config/google_credentials.json",
  "GUMROAD_API_KEY": "__optional__",
  "HUGGINGFACE_TOKEN": "__optional__",
  "JWT_SECRET": "__optional__",
  "LANGCHAIN_API_KEY": "__optional__",
  "NOTION_SECRET": "__optional__",
  "OAUTH_CLIENT_ID": "__optional__",
  "OAUTH_CLIENT_SECRET": "__optional__",
  "OPENAI_API_KEY": "__optional__",
  "PINECONE_API_KEY": "__optional__",
  "PINECONE_ENVIRONMENT": "__optional__",
  "REPLICATE_API_TOKEN": "__optional__",
  "SENDGRID_API_KEY": "__optional__",
  "SLACK_BOT_TOKEN": "__optional__",
  "SMTP_EMAIL": "__optional__",
  "SMTP_PASSWORD": "__optional__",
  "STRIPE_SECRET_KEY": "__optional__",
  "SUPABASE_KEY": "__optional__",
  "SUPABASE_URL": "__optional__",
  "TRELLO_TOKEN": "__optional__",
  "TWILIO_ACCOUNT_SID": "__optional__",
  "TWILIO_AUTH_TOKEN": "__optional__",
  "VERTEX_API_KEY": "__optional__",
  "VERTEX_PROJECT_ID": "__optional__",
  "WEAVIATE_API_KEY": "__optional__",
  "WEAVIATE_URL": "__optional__",
  "ZAPIER_WEBHOOK_URL": "__optional__"
}