{
  "last_run": null,
  "services": {
    "openai_client.py": {
      "status": "unknown",
      "last_called": null
    },
    "vertex_client.py": {
      "status": "unknown",
      "last_called": null
    },
    "gemini_client.py": {
      "status": "unknown",
      "last_called": null
    },
    "notion_client.py": {
      "status": "unknown",
      "last_called": null
    },
    "huggingface_client.py": {
      "status": "unknown",
      "last_called": null
    },
    "slack_client.py": {
      "status": "unknown",
      "last_called": null
    },
    "twilio_client.py": {
      "status": "unknown",
      "last_called": null
    },
    "replicate_client.py": {
      "status": "unknown",
      "last_called": null
    },
    "clickup_client.py": {
      "status": "unknown",
      "last_called": null
    },
    "github_client.py": {
      "status": "unknown",
      "last_called": null
    }
  }
}